insert into Ingredient (id, name, type) values ('FLTO', 'Flour Tortilla', 'WRAP');
insert into Ingredient (id, name, type) values ('COTO', 'Corn Tortilla', 'WRAP');
insert into Ingredient (id, name, type) values ('GRBF', 'Ground Beef', 'PROTEIN');
insert into Ingredient (id, name, type) values ('CARN', 'Carnitas', 'PROTEIN');
insert into Ingredient (id, name, type) values ('TMTO', 'Diced Tomatoes', 'VEGGIES');
insert into Ingredient (id, name, type) values ('LETC', 'Lettuce', 'VEGGIES');
insert into Ingredient (id, name, type) values ('CHED', 'Cheddar', 'CHEESE');
insert into Ingredient (id, name, type) values ('JACK', 'Monterrey Jack', 'CHEESE');
insert into Ingredient (id, name, type) values ('SLSA', 'Salsa', 'SAUCE');
insert into Ingredient (id, name, type) values ('SRCR', 'Sour Cream', 'SAUCE');

-- insert into Taco (id, created_at, name) values (1, '2022-08-04T00:47:09.624+00:00', 'Vegout');
-- insert into Taco (id, created_at, name) values (2, '2022-08-03T00:47:09.624+00:00', 'Bovine');
-- insert into Taco (id, created_at, name) values (3, '2022-08-01T00:47:09.624+00:00', 'Piizai');
--
-- insert into Taco_Ingredients (taco_id, ingredients_id) values (1, 'FLTO');
-- insert into Taco_Ingredients (taco_id, ingredients_id) values (1, 'COTO');
-- insert into Taco_Ingredients (taco_id, ingredients_id) values (1, 'CARN');
-- insert into Taco_Ingredients (taco_id, ingredients_id) values (2, 'TMTO');
-- insert into Taco_Ingredients (taco_id, ingredients_id) values (2, 'CHED');
-- insert into Taco_Ingredients (taco_id, ingredients_id) values (3, 'FLTO');
-- insert into Taco_Ingredients (taco_id, ingredients_id) values (3, 'SLSA');
-- insert into Taco_Ingredients (taco_id, ingredients_id) values (3, 'SRCR');
